INSERT INTO SESSIONS (ID, LAST_USER_ID) VALUES ('757f2ad6-aa06-4403-aea3-d5e6cb9f0001', NULL);
COMMIT;
INSERT INTO USERS (ID, USERNAME, SESSION_ID, LAST_EMAIL_ID) VALUES (2, 'User002', '757f2ad6-aa06-4403-aea3-d5e6cb9f0001', NULL);
INSERT INTO USERS (ID, USERNAME, SESSION_ID, LAST_EMAIL_ID) VALUES (3, 'User003', '757f2ad6-aa06-4403-aea3-d5e6cb9f0001', NULL);
INSERT INTO USERS (ID, USERNAME, SESSION_ID, LAST_EMAIL_ID) VALUES (4, 'User004', '757f2ad6-aa06-4403-aea3-d5e6cb9f0001', NULL);
COMMIT;
INSERT INTO EMAILS (ID, EMAIL_ADDRESS, USER_ID) VALUES (2, 'email002', 2);
INSERT INTO EMAILS (ID, EMAIL_ADDRESS, USER_ID) VALUES (3, 'email003', 2);
INSERT INTO EMAILS (ID, EMAIL_ADDRESS, USER_ID) VALUES (4, 'email004', 3);
INSERT INTO EMAILS (ID, EMAIL_ADDRESS, USER_ID) VALUES (5, 'email005', 4);
INSERT INTO EMAILS (ID, EMAIL_ADDRESS, USER_ID) VALUES (6, 'email006', 4);
INSERT INTO EMAILS (ID, EMAIL_ADDRESS, USER_ID) VALUES (7, 'email007', 4);
COMMIT;
COMMIT;
UPDATE USERS
    SET LAST_EMAIL_ID = 4
WHERE ID = 3;
COMMIT;
INSERT INTO SITES (ID, SITE_NAME, EMAIL_ID) VALUES (2, 'site002', 2);
INSERT INTO SITES (ID, SITE_NAME, EMAIL_ID) VALUES (3, 'site003', 2);
INSERT INTO SITES (ID, SITE_NAME, EMAIL_ID) VALUES (4, 'site004', 3);
INSERT INTO SITES (ID, SITE_NAME, EMAIL_ID) VALUES (5, 'site005', 6);
INSERT INTO SITES (ID, SITE_NAME, EMAIL_ID) VALUES (6, 'site006', 3);
INSERT INTO SITES (ID, SITE_NAME, EMAIL_ID) VALUES (7, 'site007', 4);
INSERT INTO SITES (ID, SITE_NAME, EMAIL_ID) VALUES (8, 'site008', 2);
INSERT INTO SITES (ID, SITE_NAME, EMAIL_ID) VALUES (9, 'site009', 3);
INSERT INTO SITES (ID, SITE_NAME, EMAIL_ID) VALUES (10, 'site010', 4);
INSERT INTO SITES (ID, SITE_NAME, EMAIL_ID) VALUES (11, 'site011', 6);
INSERT INTO SITES (ID, SITE_NAME, EMAIL_ID) VALUES (12, 'site012', 3);
COMMIT;

INSERT INTO SESSIONS (ID, LAST_USER_ID) VALUES ('757f2ad6-aa06-4403-aea3-d5e6cb9f0002', NULL);
COMMIT;
INSERT INTO USERS (ID, USERNAME, SESSION_ID, LAST_EMAIL_ID) VALUES (5, 'User001', '757f2ad6-aa06-4403-aea3-d5e6cb9f0002', NULL);
INSERT INTO USERS (ID, USERNAME, SESSION_ID, LAST_EMAIL_ID) VALUES (6, 'User006', '757f2ad6-aa06-4403-aea3-d5e6cb9f0002', NULL);
INSERT INTO USERS (ID, USERNAME, SESSION_ID, LAST_EMAIL_ID) VALUES (7, 'User007', '757f2ad6-aa06-4403-aea3-d5e6cb9f0002', NULL);
INSERT INTO USERS (ID, USERNAME, SESSION_ID, LAST_EMAIL_ID) VALUES (8, 'User004', '757f2ad6-aa06-4403-aea3-d5e6cb9f0002', NULL);
INSERT INTO USERS (ID, USERNAME, SESSION_ID, LAST_EMAIL_ID) VALUES (9, 'User009', '757f2ad6-aa06-4403-aea3-d5e6cb9f0002', NULL);
COMMIT;
UPDATE SESSIONS
    SET LAST_USER_ID = 6
WHERE ID = '757f2ad6-aa06-4403-aea3-d5e6cb9f0002';
COMMIT;
INSERT INTO EMAILS (ID, EMAIL_ADDRESS, USER_ID) VALUES (8, 'email001', 5);
INSERT INTO EMAILS (ID, EMAIL_ADDRESS, USER_ID) VALUES (9, 'email001', 6);
INSERT INTO EMAILS (ID, EMAIL_ADDRESS, USER_ID) VALUES (10, 'email003', 6);
INSERT INTO EMAILS (ID, EMAIL_ADDRESS, USER_ID) VALUES (11, 'email011', 7);
INSERT INTO EMAILS (ID, EMAIL_ADDRESS, USER_ID) VALUES (12, 'email012', 7);
INSERT INTO EMAILS (ID, EMAIL_ADDRESS, USER_ID) VALUES (13, 'email011', 8);
INSERT INTO EMAILS (ID, EMAIL_ADDRESS, USER_ID) VALUES (14, 'email007', 8);
INSERT INTO EMAILS (ID, EMAIL_ADDRESS, USER_ID) VALUES (15, 'email007', 6);
INSERT INTO EMAILS (ID, EMAIL_ADDRESS, USER_ID) VALUES (16, 'email009', 8);
COMMIT;
UPDATE USERS
    SET LAST_EMAIL_ID = 12
WHERE ID = 7;
COMMIT;
INSERT INTO SITES (ID, SITE_NAME, EMAIL_ID) VALUES (13, 'site001', 8);
INSERT INTO SITES (ID, SITE_NAME, EMAIL_ID) VALUES (14, 'site002', 8);
INSERT INTO SITES (ID, SITE_NAME, EMAIL_ID) VALUES (15, 'site003', 8);
INSERT INTO SITES (ID, SITE_NAME, EMAIL_ID) VALUES (16, 'site004', 8);
INSERT INTO SITES (ID, SITE_NAME, EMAIL_ID) VALUES (17, 'site001', 10);
INSERT INTO SITES (ID, SITE_NAME, EMAIL_ID) VALUES (18, 'site006', 9);
INSERT INTO SITES (ID, SITE_NAME, EMAIL_ID) VALUES (19, 'site007', 10);
INSERT INTO SITES (ID, SITE_NAME, EMAIL_ID) VALUES (20, 'site007', 15);
INSERT INTO SITES (ID, SITE_NAME, EMAIL_ID) VALUES (21, 'site021', 12);
INSERT INTO SITES (ID, SITE_NAME, EMAIL_ID) VALUES (22, 'site022', 12);
INSERT INTO SITES (ID, SITE_NAME, EMAIL_ID) VALUES (23, 'site011', 16);
INSERT INTO SITES (ID, SITE_NAME, EMAIL_ID) VALUES (24, 'site012', 12);
COMMIT;

INSERT INTO SESSIONS (ID, LAST_USER_ID) VALUES ('757f2ad6-aa06-4403-aea3-d5e6cb9f0003', NULL);
COMMIT;
